{"learner":{"attributes":{"best_iteration":"5","best_score":"0.40908176062664525"},"feature_names":[],"feature_types":[],"gradient_booster":{"model":{"gbtree_model_param":{"num_parallel_tree":"1","num_trees":"16"},"iteration_indptr":[0,1,2,3,4,5,6,7,8,9,10,11,12,13,14,15,16],"tree_info":[0,0,0,0,0,0,0,0,0,0,0,0,0,0,0,0],"trees":[{"base_weights":[-0E0,-8.6313196E-2,9.9369085E-1,2.340029E-2,-9.0669763E-1,-9.990449E-1,1.7479174E0,5.6832634E-2,-1.5431657E-1,-3.8310447E-1,2.6549694E-1,1.3570815E-1,-4.3506113E-1,-9.538462E-2,5.8591557E-1],"categories":[],"categories_nodes":[],"categories_segments":[],"categories_sizes":[],"default_left":[0,0,0,0,0,0,0,0,0,0,0,0,0,0,0],"id":0,"left_children":[1,3,5,7,9,11,13,-1,-1,-1,-1,-1,-1,-1,-1],"loss_changes":[1.0206038E3,9.854654E2,1.4310747E3,8.051362E2,7.505032E2,1.5269525E2,2.0225171E2,0E0,0E0,0E0,0E0,0E0,0E0,0E0,0E0],"parents":[2147483647,0,0,1,1,2,2,3,3,4,4,5,5,6,6],"right_children":[2,4,6,8,10,12,14,-1,-1,-1,-1,-1,-1,-1,-1],"split_conditions":[1.8862E0,4.028E-1,1E0,1E0,1E0,-5.856E-1,1.0677E0,5.6832634E-2,-1.5431657E-1,-3.8310447E-1,2.6549694E-1,1.3570815E-1,-4.3506113E-1,-9.538462E-2,5.8591557E-1],"split_indices":[1,8,21,35,35,2,0,0,0,0,0,0,0,0,0],"split_type":[0,0,0,0,0,0,0,0,0,0,0,0,0,0,0],"sum_hessian":[1.18975E4,1.09475E4,9.5E2,9.657E3,1.2905E3,2.6075E2,6.8925E2,7.39E3,2.267E3,1.08775E3,2.0275E2,5.725E1,2.035E2,4.45E1,6.4475E2],"tree_param":{"num_deleted":"0","num_feature":"39","num_nodes":"15","size_leaf_vector":"1"}},{"base_weights":[3.20565E-4,-4.1610803E-2,1.3496559E0,8.093852E-3,-9.367304E-1,1.4450451E0,-3.5843486E-1,-1.768429E-1,2.5408112E-2,-3.9255115E-1,2.2339134E-1,3.3560008E-1,5.11711E-1,-5.6317973E-1,3.8574365E-1],"categories":[],"categories_nodes":[],"categories_segments":[],"categories_sizes":[],"default_left":[0,0,0,0,0,0,0,0,0,0,0,0,0,0,0],"id":1,"left_children":[1,3,5,7,9,11,13,-1,-1,-1,-1,-1,-1,-1,-1],"loss_changes":[6.662564E2,5.0813242E2,5.834375E1,4.624935E2,3.2908118E2,2.3281677E1,4.8007557E1,0E0,0E0,0E0,0E0,0E0,0E0,0E0,0E0],"parents":[2147483647,0,0,1,1,2,2,3,3,4,4,5,5,6,6],"right_children":[2,4,6,8,10,12,14,-1,-1,-1,-1,-1,-1,-1,-1],"split_conditions":[1E0,8.566E-1,1.7951E0,-1.761E-1,8E0,7E0,-3.716E-1,-1.768429E-1,2.5408112E-2,-3.9255115E-1,2.2339134E-1,3.3560008E-1,5.11711E-1,-5.6317973E-1,3.8574365E-1],"split_indices":[22,8,6,0,35,31,9,0,0,0,0,0,0,0,0],"split_type":[0,0,0,0,0,0,0,0,0,0,0,0,0,0,0],"sum_hessian":[1.1773592E4,1.1419688E4,3.5390417E2,1.0819868E4,5.998201E2,3.3533142E2,1.8572763E1,1.2242726E3,9.595596E3,5.0052643E2,9.929372E1,1.2364778E2,2.1168362E2,9.65485E0,8.917913E0],"tree_param":{"num_deleted":"0","num_feature":"39","num_nodes":"15","size_leaf_vector":"1"}},{"base_weights":[-3.5886245E-4,-5.78835E-2,7.088752E-1,-6.995517E-1,2.3589369E-2,-7.290076E-1,1.2863445E0,2.7867218E-2,-4.0005237E-1,7.554102E-2,-1.0011667E-1,-3.4394779E-3,-4.275507E-1,-1.6502458E-1,4.3235546E-1],"categories":[],"categories_nodes":[],"categories_segments":[],"categories_sizes":[],"default_left":[0,0,0,0,0,0,0,0,0,0,0,0,0,0,0],"id":2,"left_children":[1,3,5,7,9,11,13,-1,-1,-1,-1,-1,-1,-1,-1],"loss_changes":[4.7678842E2,5.651308E2,7.28935E2,5.6828827E2,7.317372E2,1.1754698E2,1.2407825E2,0E0,0E0,0E0,0E0,0E0,0E0,0E0,0E0],"parents":[2147483647,0,0,1,1,2,2,3,3,4,4,5,5,6,6],"right_children":[2,4,6,8,10,12,14,-1,-1,-1,-1,-1,-1,-1,-1],"split_conditions":[1.8862E0,2E0,1E0,8E0,1E0,3E0,4.726E-1,2.7867218E-2,-4.0005237E-1,7.554102E-2,-1.0011667E-1,-3.4394779E-3,-4.275507E-1,-1.6502458E-1,4.3235546E-1],"split_indices":[1,28,21,35,13,19,0,0,0,0,0,0,0,0,0],"split_type":[0,0,0,0,0,0,0,0,0,0,0,0,0,0,0],"sum_hessian":[1.1684433E4,1.080868E4,8.7575323E2,1.216908E3,9.591771E3,2.5085893E2,6.2489435E2,5.213183E2,6.9558966E2,5.8663525E3,3.7254192E3,1.19703766E2,1.3115517E2,3.491569E1,5.8997864E2],"tree_param":{"num_deleted":"0","num_feature":"39","num_nodes":"15","size_leaf_vector":"1"}},{"base_weights":[5.3103926E-4,-2.8139321E-2,9.7396123E-1,9.969402E-3,-7.309592E-1,-8.368956E-1,1.2706838E0,2.8852755E-2,-1.23881266E-1,-3.300466E-1,1.2013739E-1,-3.5996857E-1,4.3077472E-1,4.1198763E-1,-5.007917E-1],"categories":[],"categories_nodes":[],"categories_segments":[],"categories_sizes":[],"default_left":[0,0,0,0,0,0,0,0,0,0,0,0,0,0,0],"id":3,"left_children":[1,3,5,7,9,11,13,-1,-1,-1,-1,-1,-1,-1,-1],"loss_changes":[3.2116144E2,2.9940472E2,1.7796915E2,3.6099396E2,2.1501718E2,3.551715E1,4.9819244E1,0E0,0E0,0E0,0E0,0E0,0E0,0E0,0E0],"parents":[2147483647,0,0,1,1,2,2,3,3,4,4,5,5,6,6],"right_children":[2,4,6,8,10,12,14,-1,-1,-1,-1,-1,-1,-1,-1],"split_conditions":[2.9485E0,1.8E1,1E0,1.13E-1,2E0,4E0,1.2E1,2.8852755E-2,-1.23881266E-1,-3.300466E-1,1.2013739E-1,-3.5996857E-1,4.3077472E-1,4.1198763E-1,-5.007917E-1],"split_indices":[0,35,21,8,21,13,30,0,0,0,0,0,0,0,0],"split_type":[0,0,0,0,0,0,0,0,0,0,0,0,0,0,0],"sum_hessian":[1.1505636E4,1.1177399E4,3.2823593E2,1.0603439E4,5.7396027E2,4.5955486E1,2.8228046E2,8.815559E3,1.7878809E3,4.4210516E2,1.3185513E2,4.0530586E1,5.4249024E0,2.7721933E2,5.0611196E0],"tree_param":{"num_deleted":"0","num_feature":"39","num_nodes":"15","size_leaf_vector":"1"}},{"base_weights":[5.240047E-4,-2.7132116E-2,9.5836353E-1,-8.530543E-1,3.7465023E-3,1.0307881E0,-2.792754E-1,-1.2277195E-1,-4.4579545E-1,1.1177096E-2,-1.9850916E-1,3.2566968E-1,-4.8998624E-1,-3.7644297E-1,4.4571787E-1],"categories":[],"categories_nodes":[],"categories_segments":[],"categories_sizes":[],"default_left":[0,0,0,0,0,0,0,0,0,0,0,0,0,0,0],"id":4,"left_children":[1,3,5,7,9,11,13,-1,-1,-1,-1,-1,-1,-1,-1],"loss_changes":[3.0140042E2,2.8203336E2,2.8908234E1,1.0598328E2,2.2187823E2,1.7236298E1,3.1350344E1,0E0,0E0,0E0,0E0,0E0,0E0,0E0,0E0],"parents":[2147483647,0,0,1,1,2,2,3,3,4,4,5,5,6,6],"right_children":[2,4,6,8,10,12,14,-1,-1,-1,-1,-1,-1,-1,-1],"split_conditions":[1E0,-5.446E-1,1.7951E0,2E0,8.566E-1,1.9E1,-7.56E-2,-1.2277195E-1,-4.4579545E-1,1.1177096E-2,-1.9850916E-1,3.2566968E-1,-4.8998624E-1,-3.7644297E-1,4.4571787E-1],"split_indices":[22,1,6,13,8,32,9,0,0,0,0,0,0,0,0],"split_type":[0,0,0,0,0,0,0,0,0,0,0,0,0,0,0],"sum_hessian":[1.1375856E4,1.1057559E4,3.1829807E2,3.975486E2,1.066001E4,3.0085944E2,1.7438635E1,2.2412924E2,1.7341939E2,1.0151733E4,5.0827725E2,2.9919327E2,1.6661773E0,1.1479893E1,5.9587426E0],"tree_param":{"num_deleted":"0","num_feature":"39","num_nodes":"15","size_leaf_vector":"1"}},{"base_weights":[1.2231684E-4,-3.6911134E-2,4.9323773E-1,4.0514443E-2,-4.2739272E-1,-4.75427E-1,1.0344557E0,7.129694E-2,-2.569535E-1,-4.31174E-1,3.3819768E-1,1.7888874E-2,-3.2345164E-1,-1.7802343E-1,3.463619E-1],"categories":[],"categories_nodes":[],"categories_segments":[],"categories_sizes":[],"default_left":[0,0,0,0,0,0,0,0,0,0,0,0,0,0,0],"id":5,"left_children":[1,3,5,7,9,11,13,-1,-1,-1,-1,-1,-1,-1,-1],"loss_changes":[2.0628734E2,3.1767963E2,4.141787E2,1.4447594E3,2.5451099E3,8.591476E1,6.814929E1,0E0,0E0,0E0,0E0,0E0,0E0,0E0,0E0],"parents":[2147483647,0,0,1,1,2,2,3,3,4,4,5,5,6,6],"right_children":[2,4,6,8,10,12,14,-1,-1,-1,-1,-1,-1,-1,-1],"split_conditions":[1.3978E0,2E0,1E0,8E0,1E0,3E0,1.1E1,7.129694E-2,-2.569535E-1,-4.31174E-1,3.3819768E-1,1.7888874E-2,-3.2345164E-1,-1.7802343E-1,3.463619E-1],"split_indices":[1,21,21,35,35,19,34,0,0,0,0,0,0,0,0],"split_type":[0,0,0,0,0,0,0,0,0,0,0,0,0,0,0],"sum_hessian":[1.1294137E4,1.0506047E4,7.880893E2,8.768337E3,1.7377096E3,2.8253442E2,5.0555487E2,7.1999263E3,1.5684111E3,1.0631545E3,6.74555E2,1.4619951E2,1.3633492E2,2.446797E1,4.810869E2],"tree_param":{"num_deleted":"0","num_feature":"39","num_nodes":"15","size_leaf_vector":"1"}},{"base_weights":[-1.5972437E-3,7.6064594E-2,-1.6453622E-1,3.0185957E-2,1.3454511E0,-4.0678495E-1,6.624057E-2,7.491027E-2,-1.981083E-2,5.484924E-1,-1.04507E-1,-6.444422E-2,-2.3270802E-1,-6.8329826E-2,1.532431E-1],"categories":[],"categories_nodes":[],"categories_segments":[],"categories_sizes":[],"default_left":[0,0,0,0,0,0,0,0,0,0,0,0,0,0,0],"id":6,"left_children":[1,3,5,7,9,11,13,-1,-1,-1,-1,-1,-1,-1,-1],