{"learner":{"attributes":{"best_iteration":"2","best_score":"0.21037062686718097"},"feature_names":[],"feature_types":[],"gradient_booster":{"model":{"gbtree_model_param":{"num_parallel_tree":"1","num_trees":"13"},"iteration_indptr":[0,1,2,3,4,5,6,7,8,9,10,11,12,13],"tree_info":[0,0,0,0,0,0,0,0,0,0,0,0,0],"trees":[{"base_weights":[-6.929758E-3,-1.3422241E0,4.507003E-1,-6.141036E-1,4.1805245E-3,5.0039545E-2,8.147402E-1],"categories":[],"categories_nodes":[],"categories_segments":[],"categories_sizes":[],"default_left":[0,0,0,0,0,0,0],"id":0,"left_children":[1,3,5,-1,-1,-1,-1],"loss_changes":[5.594818E2,4.9189392E1,3.4409006E2,0E0,0E0,0E0,0E0],"parents":[2147483647,0,0,1,1,2,2],"right_children":[2,4,6,-1,-1,-1,-1],"split_conditions":[4E0,1E1,1.4422E0,-6.141036E-1,4.1805245E-3,5.0039545E-2,8.147402E-1],"split_indices":[33,34,1,0,0,0,0],"split_type":[0,0,0,0,0,0,0],"sum_hessian":[9.1358606E2,2.3269237E2,6.808937E2,2.0858783E2,2.4104544E1,5.618029E2,1.1909077E2],"tree_param":{"num_deleted":"0","num_feature":"39","num_nodes":"7","size_leaf_vector":"1"}},{"base_weights":[-2.0577632E-2,-1.0193398E0,2.5963315E-1,5.291741E-1,-4.4505236E-1,2.9160159E-2,4.6778235E-1],"categories":[],"categories_nodes":[],"categories_segments":[],"categories_sizes":[],"default_left":[0,0,0,0,0,0,0],"id":1,"left_children":[1,3,5,-1,-1,-1,-1],"loss_changes":[2.4682773E2,3.092871E1,1.1435005E2,0E0,0E0,0E0,0E0],"parents":[2147483647,0,0,1,1,2,2],"right_children":[2,4,6,-1,-1,-1,-1],"split_conditions":[4E0,1.4E1,1.4422E0,5.291741E-1,-4.4505236E-1,2.9160159E-2,4.6778235E-1],"split_indices":[33,32,1,0,0,0,0],"split_type":[0,0,0,0,0,0,0],"sum_hessian":[8.8001056E2,1.9222401E2,6.877865E2,4.8363028E0,1.8738771E2,5.6748224E2,1.203043E2],"tree_param":{"num_deleted":"0","num_feature":"39","num_nodes":"7","size_leaf_vector":"1"}},{"base_weights":[-1.8934717E-2,-8.098176E-1,1.6159087E-1,-4.0824544E-1,1.3202782E-1,5.356844E-1,1.3242025E-2],"categories":[],"categories_nodes":[],"categories_segments":[],"categories_sizes":[],"default_left":[0,0,0,0,0,0,0],"id":2,"left_children":[1,3,5,-1,-1,-1,-1],"loss_changes":[1.18562515E2,3.2791412E1,1.00056335E2,0E0,0E0,0E0,0E0],"parents":[2147483647,0,0,1,1,2,2],"right_children":[2,4,6,-1,-1,-1,-1],"split_conditions":[4E0,1E1,-1.2213E0,-4.0824544E-1,1.3202782E-1,5.356844E-1,1.3242025E-2],"split_indices":[33,34,6,0,0,0,0],"split_type":[0,0,0,0,0,0,0],"sum_hessian":[8.285009E2,1.5331998E2,6.751809E2,1.317933E2,2.152666E1,6.7584145E1,6.0759674E2],"tree_param":{"num_deleted":"0","num_feature":"39","num_nodes":"7","size_leaf_vector":"1"}},{"base_weights":[-2.0706398E-2,-1.1211626E-1,1.161352E0,-1.2398789E-1,2.4136628E-1,5.121315E-1,-5.845686E-1],"categories":[],"categories_nodes":[],"categories_segments":[],"categories_sizes":[],"default_left":[0,0,0,0,0,0,0],"id":3,"left_children":[1,3,5,-1,-1,-1,-1],"loss_changes":[8.66192E1,9.938424E1,1.4844467E1,0E0,0E0,0E0,0E0],"parents":[2147483647,0,0,1,1,2,2],"right_children":[2,4,6,-1,-1,-1,-1],"split_conditions":[3.7014E0,8E0,2.0644E0,-1.2398789E-1,2.4136628E-1,5.121315E-1,-5.845686E-1],"split_indices":[0,29,6,0,0,0,0],"split_type":[0,0,0,0,0,0,0],"sum_hessian":[7.994401E2,7.428963E2,5.6543823E1,5.847002E2,1.5819606E2,5.518913E1,1.354698E0],"tree_param":{"num_deleted":"0","num_feature":"39","num_nodes":"7","size_leaf_vector":"1"}},{"base_weights":[-1.0377153E-2,5.605657E-2,-1.5532249E0,-2.6099209E-2,5.3013355E-1,-6.833431E-1,-4.0469107E-1],"categories":[],"categories_nodes":[],"categories_segments":[],"categories_sizes":[],"default_left":[0,0,0,0,0,0,0],"id":4,"left_children":[1,3,5,-1,-1,-1,-1],"loss_changes":[7.958627E1,1.10337845E2,4.1407776E-1,0E0,0E0,0E0,0E0],"parents":[2147483647,0,0,1,1,2,2],"right_children":[2,4,6,-1,-1,-1,-1],"split_conditions":[1.7216E0,2.6117E0,8E0,-2.6099209E-2,5.3013355E-1,-6.833431E-1,-4.0469107E-1],"split_indices":[8,6,19,0,0,0,0],"split_type":[0,0,0,0,0,0,0],"sum_hessian":[7.7462384E2,7.4357E2,3.1053831E1,6.7882166E2,6.4748344E1,2.425013E1,6.8037024E0],"tree_param":{"num_deleted":"0","num_feature":"39","num_nodes":"7","size_leaf_vector":"1"}},{"base_weights":[-9.830725E-3,-5.7519346E-1,1.7797802E-1,3.3841792E-1,-3.5987502E-1,-4.0003885E-2,2.6897803E-1],"categories":[],"categories_nodes":[],"categories_segments":[],"categories_sizes":[],"default_left":[0,0,0,0,0,0,0],"id":5,"left_children":[1,3,5,-1,-1,-1,-1],"loss_changes":[8.144592E1,8.177426E1,7.591751E1,0E0,0E0,0E0,0E0],"parents":[2147483647,0,0,1,1,2,2],"right_children":[2,4,6,-1,-1,-1,-1],"split_conditions":[-1E-2,7E0,9E0,3.3841792E-1,-3.5987502E-1,-4.0003885E-2,2.6897803E-1],"split_indices":[1,31,30,0,0,0,0],"split_type":[0,0,0,0,0,0,0],"sum_hessian":[7.650906E2,1.9026653E2,5.7482404E2,3.3492203E1,1.5677432E2,3.6515265E2,2.0967142E2],"tree_param":{"num_deleted":"0","num_feature":"39","num_nodes":"7","size_leaf_vector":"1"}},{"base_weights":[-1.0889452E-2,-1.2145787E-1,6.2984395E-1,-2.9235396E-1,7.426062E-2,-6.0207177E-2,7.1182245E-1],"categories":[],"categories_nodes":[],"categories_segments":[],"categories_sizes":[],"default_left":[0,0,0,0,0,0,0],"id":6,"left_children":[1,3,5,-1,-1,-1,-1],"loss_changes":[5.37388E1,1.15915596E2,9.617982E1,0E0,0E0,0E0,0E0],"parents":[2147483647,0,0,1,1,2,2],"right_children":[2,4,6,-1,-1,-1,-1],"split_conditions":[2.3871E0,6E0,1.8E1,-2.9235396E-1,7.426062E-2,-6.0207177E-2,7.1182245E-1],"split_indices":[4,30,31,0,0,0,0],"split_type":[0,0,0,0,0,0,0],"sum_hessian":[7.5646204E2,6.458253E2,1.1063667E2,2.1808115E2,4.277442E2,6.551131E1,4.5125362E1],"tree_param":{"num_deleted":"0","num_feature":"39","num_nodes":"7","size_leaf_vector":"1"}},{"base_weights":[-7.800548E-3,-8.2815036E-2,8.435479E-1,-6.5016195E-2,3.8807017E-1,7.249262E-1,9.006746E-2],"categories":[],"categories_nodes":[],"categories_segments":[],"categories_sizes":[],"default_left":[0,0,0,0,0,0,0],"id":7,"left_children":[1,3,5,-1,-1,-1,-1],"loss_changes":[4.648638E1,5.23101E1,3.361132E1,0E0,0E0,0E0,0E0],"parents":[2147483647,0,0,1,1,2,2],"right_children":[2,4,6,-1,-1,-1,-1],"split_conditions":[1.8E1,3.7014E0,-2.93E-1,-6.5016195E-2,3.8807017E-1,7.249262E-1,9.006746E-2],"split_indices":[28,0,2,0,0,0,0],"split_type":[0,0,0,0,0,0,0],"sum_hessian":[7.258088E2,6.6786426E2,5.7944504E1,6.228658E2,4.499851E1,2.2607111E1,3.5337395E1],"tree_param":{"num_deleted":"0","num_feature":"39","num_nodes":"7","size_leaf_vector":"1"}},{"base_weights":[-6.125333E-4,1.2902318E-1,-4.9006462E-1,3.6586726E-1,-4.4477238E-5,-2.9750967E-1,3.0115882E-1],"categories":[],"categories_nodes":[],"categories_segments":[],"categories_sizes":[],"default_left":[0,0,0,0,0,0,0],"id":8,"left_children":[1,3,5,-1,-1,-1,-1],"loss_changes":[4.496555E1,5.522747E1,4.3341305E1,0E0,0E0,0E0,0E0],"parents":[2147483647,0,0,1,1,2,2],"right_children":[2,4,6,-1,-1,-1,-1],"split_conditions":[5.18E-2,-1.7701E0,1.4896E0,3.6586726E-1,-4.4477238E-5,-2.9750967E-1,3.0115882E-1],"split_indices":[8,3,1,0,0,0,0],"split_type":[0,0,0,0,0,0,0],"sum_hessian":[7.066751E2,5.59281E2,1.4739412E2,8.0067505E1,4.7921347E2,1.2395675E2,2.3437372E1],"tree_param":{"num_deleted":"0","num_feature":"39","num_nodes":"7","size_leaf_vector":"1"}},{"base_weights":[-1.4544833E-3,-1.19840376E-1,5.2415967E-1,-1.13139845E-1,2.2664206E-1,4.3594742E-1,-2.872474E-1],"categories":[],"categories_nodes":[],"categories_segments":[],"categories_sizes":[],"default_left":[0,0,0,0,0,0,0],"id":9,"left_children":[1,3,5,-1,-1,-1,-1],"loss_changes":[4.3056847E1,5.9452488E1,8.473621E1,0E0,0E0,0E0,0E0],"parents":[2147483647,0,0,1,1,2,2],"right_children":[2,4,6,-1,-1,-1,-1],"split_conditions":[1.3011E0,1.2E1,2E0,-1.13139845E-1,2.2664206E-1,4.3594742E-1,-2.872474E-1],"split_indices":[6,26,13,0,0,0,0],"split_type":[0,0,0,0,0,0,0],"sum_hessian":[6.899414E2,5.6374023E2,1.2620116E2,4.5802618E2,1.0571405E2,8.771976E1,3.84814E1],"tree_param":{"num_deleted":"0","num_feature":"39","num_nodes":"7","size_leaf_vector":"1"}},{"base_weights":[-9.450811E-4,8.335883E-1,-6.0925383E-2,4.7994733E-1,-3.3931258E-1,1.2626099E-2,-2.6078838E-1],"categories":[],