{"learner":{"attributes":{"best_iteration":"3","best_score":"0.24462450106561015"},"feature_names":[],"feature_types":[],"gradient_booster":{"model":{"gbtree_model_param":{"num_parallel_tree":"1","num_trees":"14"},"iteration_indptr":[0,1,2,3,4,5,6,7,8,9,10,11,12,13,14],"tree_info":[0,0,0,0,0,0,0,0,0,0,0,0,0,0],"trees":[{"base_weights":[-6.929758E-3,-1.3422241E0,4.507003E-1,-8.387757E-1,5.7099843E-3,5.1713903E-2,1.0991731E0],"categories":[],"categories_nodes":[],"categories_segments":[],"categories_sizes":[],"default_left":[0,0,0,0,0,0,0],"id":0,"left_children":[1,3,5,-1,-1,-1,-1],"loss_changes":[5.594818E2,4.9189392E1,3.693167E2,0E0,0E0,0E0,0E0],"parents":[2147483647,0,0,1,1,2,2],"right_children":[2,4,6,-1,-1,-1,-1],"split_conditions":[4E0,1E1,9.689E-1,-8.387757E-1,5.7099843E-3,5.1713903E-2,1.0991731E0],"split_indices":[35,36,1,0,0,0,0],"split_type":[0,0,0,0,0,0,0],"sum_hessian":[9.1358606E2,2.3269237E2,6.808937E2,2.0858783E2,2.4104544E1,5.5130194E2,1.2959175E2],"tree_param":{"num_deleted":"0","num_feature":"41","num_nodes":"7","size_leaf_vector":"1"}},{"base_weights":[-3.2509875E-2,-9.236922E-1,1.9648126E-1,-5.582512E-1,9.650901E-1,-3.4238005E-1,2.188387E-1],"categories":[],"categories_nodes":[],"categories_segments":[],"categories_sizes":[],"default_left":[0,0,0,0,0,0,0],"id":1,"left_children":[1,3,5,-1,-1,-1,-1],"loss_changes":[1.7433817E2,3.5548706E1,1.0694388E2,0E0,0E0,0E0,0E0],"parents":[2147483647,0,0,1,1,2,2],"right_children":[2,4,6,-1,-1,-1,-1],"split_conditions":[4E0,1.381E0,-2.633E-1,-5.582512E-1,9.650901E-1,-3.4238005E-1,2.188387E-1],"split_indices":[35,4,1,0,0,0,0],"split_type":[0,0,0,0,0,0,0],"sum_hessian":[8.524044E2,1.7363235E2,6.787721E2,1.6956763E2,4.064727E0,1.3118428E2,5.475878E2],"tree_param":{"num_deleted":"0","num_feature":"41","num_nodes":"7","size_leaf_vector":"1"}},{"base_weights":[-3.5593215E-2,-4.9556136E-1,2.4940743E-1,-6.8488955E-1,4.1769657E-2,-3.054682E-2,3.999034E-1],"categories":[],"categories_nodes":[],"categories_segments":[],"categories_sizes":[],"default_left":[0,0,0,0,0,0,0],"id":2,"left_children":[1,3,5,-1,-1,-1,-1],"loss_changes":[1.0460001E2,1.2668859E2,6.963888E1,0E0,0E0,0E0,0E0],"parents":[2147483647,0,0,1,1,2,2],"right_children":[2,4,6,-1,-1,-1,-1],"split_conditions":[6E0,-2.41E-2,6E0,-6.8488955E-1,4.1769657E-2,-3.054682E-2,3.999034E-1],"split_indices":[32,26,30,0,0,0,0],"split_type":[0,0,0,0,0,0,0],"sum_hessian":[7.9597485E2,3.0423123E2,4.9174362E2,1.3317188E2,1.7105937E2,2.9782468E2,1.9391893E2],"tree_param":{"num_deleted":"0","num_feature":"41","num_nodes":"7","size_leaf_vector":"1"}},{"base_weights":[-2.8559724E-2,-1.3963528E-1,1.045921E0,4.6026677E-1,-1.3288733E-1,-9.750362E-1,6.9587904E-1],"categories":[],"categories_nodes":[],"categories_segments":[],"categories_sizes":[],"default_left":[0,0,0,0,0,0,0],"id":3,"left_children":[1,3,5,-1,-1,-1,-1],"loss_changes":[9.2174355E1,6.590461E1,4.183732E1,0E0,0E0,0E0,0E0],"parents":[2147483647,0,0,1,1,2,2],"right_children":[2,4,6,-1,-1,-1,-1],"split_conditions":[2.3809E0,-1.251E0,1E0,4.6026677E-1,-1.3288733E-1,-9.750362E-1,6.9587904E-1],"split_indices":[1,3,21,0,0,0,0],"split_type":[0,0,0,0,0,0,0],"sum_hessian":[7.7008875E2,6.987271E2,7.1361595E1,6.374215E1,6.34985E2,4.1872597E0,6.717434E1],"tree_param":{"num_deleted":"0","num_feature":"41","num_nodes":"7","size_leaf_vector":"1"}},{"base_weights":[-4.4230684E-3,4.7288474E-2,-1.4060583E0,-7.662566E-2,2.9766086E-1,-8.477691E-1,2.1248578E-1],"categories":[],"categories_nodes":[],"categories_segments":[],"categories_sizes":[],"default_left":[0,0,0,0,0,0,0],"id":4,"left_children":[1,3,5,-1,-1,-1,-1],"loss_changes":[5.3181007E1,6.3171387E1,5.6000366E0,0E0,0E0,0E0,0E0],"parents":[2147483647,0,0,1,1,2,2],"right_children":[2,4,6,-1,-1,-1,-1],"split_conditions":[1.6793E0,5.42E-1,4.618E-1,-7.662566E-2,2.9766086E-1,-8.477691E-1,2.1248578E-1],"split_indices":[8,6,1,0,0,0,0],"split_type":[0,0,0,0,0,0,0],"sum_hessian":[7.318089E2,7.067023E2,2.5106617E1,5.1254205E2,1.941602E2,2.3820381E1,1.2862356E0],"tree_param":{"num_deleted":"0","num_feature":"41","num_nodes":"7","size_leaf_vector":"1"}},{"base_weights":[-7.86886E-3,9.226866E-1,-8.097159E-2,1.804465E-1,1.0039357E0,-3.9618936E-1,2.592756E-2],"categories":[],"categories_nodes":[],"categories_segments":[],"categories_sizes":[],"default_left":[0,0,0,0,0,0,0],"id":5,"left_children":[1,3,5,-1,-1,-1,-1],"loss_changes":[4.906769E1,2.6869965E1,5.335008E1,0E0,0E0,0E0,0E0],"parents":[2147483647,0,0,1,1,2,2],"right_children":[2,4,6,-1,-1,-1,-1],"split_conditions":[-1.1609E0,1.2E1,-2.633E-1,1.804465E-1,1.0039357E0,-3.9618936E-1,2.592756E-2],"split_indices":[5,28,1,0,0,0,0],"split_type":[0,0,0,0,0,0,0],"sum_hessian":[7.1920807E2,5.1537956E1,6.676701E2,3.1304092E1,2.0233866E1,1.1196195E2,5.557082E2],"tree_param":{"num_deleted":"0","num_feature":"41","num_nodes":"7","size_leaf_vector":"1"}},{"base_weights":[-5.557843E-3,1.587691E0,-4.4546496E-2,-4.7175428E-1,1.2226748E0,-5.532753E-1,2.0043654E-2],"categories":[],"categories_nodes":[],"categories_segments":[],"categories_sizes":[],"default_left":[0,0,0,0,0,0,0],"id":6,"left_children":[1,3,5,-1,-1,-1,-1],"loss_changes":[4.366699E1,2.6145138E1,5.2033222E1,0E0,0E0,0E0,0E0],"parents":[2147483647,0,0,1,1,2,2],"right_children":[2,4,6,-1,-1,-1,-1],"split_conditions":[-8.416E-1,6E0,-5.773E-1,-4.7175428E-1,1.2226748E0,-5.532753E-1,2.0043654E-2],"split_indices":[1,35,1,0,0,0,0],"split_type":[0,0,0,0,0,0,0],"sum_hessian":[7.008227E2,1.5791471E1,6.850312E2,3.0271795E0,1.2764291E1,5.286945E1,6.3216174E2],"tree_param":{"num_deleted":"0","num_feature":"41","num_nodes":"7","size_leaf_vector":"1"}},{"base_weights":[-8.54314E-3,8.302821E-2,-5.9159523E-1,-4.6220914E-1,9.089347E-2,4.9270543E-1,-4.4665033E-1],"categories":[],"categories_nodes":[],"categories_segments":[],"categories_sizes":[],"default_left":[0,0,0,0,0,0,0],"id":7,"left_children":[1,3,5,-1,-1,-1,-1],"loss_changes":[3.6754604E1,4.298887E1,2.9024078E1,0E0,0E0,0E0,0E0],"parents":[2147483647,0,0,1,1,2,2],"right_children":[2,4,6,-1,-1,-1,-1],"split_conditions":[1.8E1,4E0,8E0,-4.6220914E-1,9.089347E-2,4.9270543E-1,-4.4665033E-1],"split_indices":[29,32,34,0,0,0,0],"split_type":[0,0,0,0,0,0,0],"sum_hessian":[6.864862E2,5.9404584E2,9.2440384E1,4.69288E1,5.4711707E2,1.0950375E1,8.1490005E1],"tree_param":{"num_deleted":"0","num_feature":"41","num_nodes":"7","size_leaf_vector":"1"}},{"base_weights":[-1.46530885E-2,-7.1844436E-2,7.1191394E-1,3.8038366E-2,-5.241038E-1,-1.0465114E0,4.9792042E-1],"categories":[],"categories_nodes":[],"categories_segments":[],"categories_sizes":[],"default_left":[0,0,0,0,0,0,0],"id":8,"left_children":[1,3,5,-1,-1,-1,-1],"loss_changes":[2.7398808E1,7.3855606E1,2.3668642E1,0E0,0E0,0E0,0E0],"parents":[2147483647,0,0,1,1,2,2],"right_children":[2,4,6,-1,-1,-1,-1],"split_conditions":[2.3809E0,1.7E1,3E0,3.8038366E-2,-5.241038E-1,-1.0465114E0,4.9792042E-1],"split_indices":[1,37,17,0,0,0,0],"split_type":[0,0,0,0,0,0,0],"sum_hessian":[6.571337E2,6.1001764E2,4.71161E1,5.258734E2,8.414421E1,2.4144433E0,4.4701656E1],"tree_param":{"num_deleted":"0","num_feature":"41","num_nodes":"7","size_leaf_vector":"1"}},{"base_weights":[-5.0102435E-3,2.871773E-2,-1.1474644E0,-2.8778E-1,6.1869822E-2,-6.956474E-1,1.1009444E-1],"categories":[],"categories_nodes":[],"categories_segments":[],"categories_sizes":[],"default_left":[0,0,0,0,0,0,0],"id":9,"left_children":[1,3,5,-1,-1,-1,-1],"loss_changes":[2.477873E1,2.7775028E1,2.5928917E0,0E0,0E0,0E0,0E0],"parents":[2147483647,0,0,1,1,2,2],"right_children":[2,4,6,-1,-1,-1,-1],"split_conditions":[1.6793E0,-9.6E-2,4.618E-1,-2.8778E-1,6.1869822E-2,-6.956474E-1,1.1009444E-1],"split_indices":[8,8,1,0,0,0,0],"split_type":[0,0,0,0,0,0,0],"sum_hessian":[6.4120264E2,6.237625E2,1.7440096E1,8.099184E1,5.427707E2,1.636224E1,1.0778549E0],"tree_param":{"num_deleted":"0","num_feature":"41","num_nodes":"7","size_leaf_vector":"1"}},{"base_weights":[-8.112772E-3,6.76835E-1,-6.751903E-2,4.79261E-1,-7.996577E-1,-5.781081E-2,6.9060254E-1],"categories":[],"categories_nodes":[],