{"learner":{"attributes":{"best_iteration":"4","best_score":"0.18104847507132754"},"feature_names":[],"feature_types":[],"gradient_booster":{"model":{"gbtree_model_param":{"num_parallel_tree":"1","num_trees":"15"},"iteration_indptr":[0,1,2,3,4,5,6,7,8,9,10,11,12,13,14,15],"tree_info":[0,0,0,0,0,0,0,0,0,0,0,0,0,0,0],"trees":[{"base_weights":[-0E0,-8.00638E-2,1.1821036E0,1.8665163E-1,-5.974838E-1,-2.1518987E-1,1.6395833E0,1.6377969E-1,-8.415301E-1,-6.8599737E-1,-9.01695E-2,6.6414034E-1,-7.5623935E-1,-4.057971E-1,9.6543396E-1],"categories":[],"categories_nodes":[],"categories_segments":[],"categories_sizes":[],"default_left":[0,0,0,0,0,0,0,0,0,0,0,0,0,0,0],"id":0,"left_children":[1,3,5,7,9,11,13,-1,-1,-1,-1,-1,-1,-1,-1],"loss_changes":[9.5041205E2,1.2980381E3,4.0754443E2,1.109941E3,8.760387E2,2.5292323E2,9.703528E1,0E0,0E0,0E0,0E0,0E0,0E0,0E0,0E0],"parents":[2147483647,0,0,1,1,2,2,3,3,4,4,5,5,6,6],"right_children":[2,4,6,8,10,12,14,-1,-1,-1,-1,-1,-1,-1,-1],"split_conditions":[2.3346E0,1E0,1E0,1.8E1,7E0,1E1,3E0,1.6377969E-1,-8.415301E-1,-6.8599737E-1,-9.01695E-2,6.6414034E-1,-7.5623935E-1,-4.057971E-1,9.6543396E-1],"split_indices":[1,13,21,35,26,35,17,0,0,0,0,0,0,0,0],"split_type":[0,0,0,0,0,0,0,0,0,0,0,0,0,0,0],"sum_hessian":[1.004E4,9.404E3,6.36E2,6.20575E3,3.19825E3,1.57E2,4.79E2,5.84075E3,3.65E2,1.31125E3,1.887E3,7.025E1,8.675E1,1.625E1,4.6275E2],"tree_param":{"num_deleted":"0","num_feature":"39","num_nodes":"15","size_leaf_vector":"1"}},{"base_weights":[-1.987247E-3,-9.2108935E-2,5.050936E-1,1.1124089E-1,-3.109531E-1,-3.460597E-1,8.5620785E-1,-1.854274E-1,1.9380482E-1,-7.646843E-1,-7.2419964E-2,1.9697838E-1,-5.2026856E-1,6.459104E-1,-4.4643018E-1],"categories":[],"categories_nodes":[],"categories_segments":[],"categories_sizes":[],"default_left":[0,0,0,0,0,0,0,0,0,0,0,0,0,0,0],"id":1,"left_children":[1,3,5,7,9,11,13,-1,-1,-1,-1,-1,-1,-1,-1],"loss_changes":[4.4265646E2,3.660452E2,4.371384E2,4.4307034E2,7.5863916E2,1.7428172E2,5.095808E2,0E0,0E0,0E0,0E0,0E0,0E0,0E0,0E0],"parents":[2147483647,0,0,1,1,2,2,3,3,4,4,5,5,6,6],"right_children":[2,4,6,8,10,12,14,-1,-1,-1,-1,-1,-1,-1,-1],"split_conditions":[1.4803E0,5E0,4E0,1.3E1,2E0,1.5E1,1E1,-1.854274E-1,1.9380482E-1,-7.646843E-1,-7.2419964E-2,1.9697838E-1,-5.2026856E-1,6.459104E-1,-4.4643018E-1],"split_indices":[5,16,17,32,30,33,26,0,0,0,0,0,0,0,0],"split_type":[0,0,0,0,0,0,0,0,0,0,0,0,0,0,0],"sum_hessian":[9.684335E3,8.223602E3,1.4607334E3,4.262957E3,3.9606445E3,4.2660175E2,1.0341317E3,1.4781636E3,2.7847937E3,5.8097626E2,3.3796682E3,1.9436034E2,2.3224142E2,8.76823E2,1.5730869E2],"tree_param":{"num_deleted":"0","num_feature":"39","num_nodes":"15","size_leaf_vector":"1"}},{"base_weights":[-1.9987358E-4,6.937692E-2,-6.148348E-1,-9.568508E-2,2.911384E-1,-3.3820817E-1,-1.1371363E0,-2.9958896E-2,-6.7596406E-1,2.2860892E-1,-2.0913841E-1,-6.3888055E-1,-8.659707E-2,-7.0075655E-1,7.3168725E-1],"categories":[],"categories_nodes":[],"categories_segments":[],"categories_sizes":[],"default_left":[0,0,0,0,0,0,0,0,0,0,0,0,0,0,0],"id":2,"left_children":[1,3,5,7,9,11,13,-1,-1,-1,-1,-1,-1,-1,-1],"loss_changes":[4.03277E2,3.101137E2,1.3816684E2,2.2767384E2,2.8147177E2,9.2404915E1,9.419037E1,0E0,0E0,0E0,0E0,0E0,0E0,0E0,0E0],"parents":[2147483647,0,0,1,1,2,2,3,3,4,4,5,5,6,6],"right_children":[2,4,6,8,10,12,14,-1,-1,-1,-1,-1,-1,-1,-1],"split_conditions":[1.913E0,1.122E-1,5E0,1.4233E0,7E0,2E0,6E0,-2.9958896E-2,-6.7596406E-1,2.2860892E-1,-2.0913841E-1,-6.3888055E-1,-8.659707E-2,-7.0075655E-1,7.3168725E-1],"split_indices":[7,5,20,8,16,19,19,0,0,0,0,0,0,0,0],"split_type":[0,0,0,0,0,0,0,0,0,0,0,0,0,0,0],"sum_hessian":[9.428223E3,8.470273E3,9.579495E2,4.856237E3,3.6140364E3,6.273393E2,3.3061023E2,4.679652E3,1.7658533E2,3.0730076E3,5.410288E2,1.15799385E2,5.1153992E2,3.1631424E2,1.4295972E1],"tree_param":{"num_deleted":"0","num_feature":"39","num_nodes":"15","size_leaf_vector":"1"}},{"base_weights":[-1.0306975E-3,-3.7487146E-2,9.46486E-1,-1.1077251E0,-5.5756886E-3,1.1899618E0,-7.8261185E-1,-7.591328E-1,3.8802958E-1,-2.603734E-2,3.9503497E-1,1.9857013E-1,8.610774E-1,-9.468629E-1,8.7156534E-1],"categories":[],"categories_nodes":[],"categories_segments":[],"categories_sizes":[],"default_left":[0,0,0,0,0,0,0,0,0,0,0,0,0,0,0],"id":3,"left_children":[1,3,5,7,9,11,13,-1,-1,-1,-1,-1,-1,-1,-1],"loss_changes":[3.204794E2,3.051121E2,1.4564359E2,1.1638742E2,2.5245589E2,8.7082855E1,9.404261E1,0E0,0E0,0E0,0E0,0E0,0E0,0E0,0E0],"parents":[2147483647,0,0,1,1,2,2,3,3,4,4,5,5,6,6],"right_children":[2,4,6,8,10,12,14,-1,-1,-1,-1,-1,-1,-1,-1],"split_conditions":[1E0,-9.007E-1,8E0,1E0,2.3346E0,1.1E1,5E0,-7.591328E-1,3.8802958E-1,-2.603734E-2,3.9503497E-1,1.9857013E-1,8.610774E-1,-9.468629E-1,8.7156534E-1],"split_indices":[22,8,19,35,1,27,36,0,0,0,0,0,0,0,0],"split_type":[0,0,0,0,0,0,0,0,0,0,0,0,0,0,0],"sum_hessian":[9.275643E3,8.932902E3,3.4274E2,2.5766568E2,8.675236E3,3.007087E2,4.2031258E1,2.2670538E2,3.0960308E1,8.20401E3,4.7122668E2,8.896644E1,2.1174228E2,3.0475046E1,1.1556211E1],"tree_param":{"num_deleted":"0","num_feature":"39","num_nodes":"15","size_leaf_vector":"1"}},{"base_weights":[1.3044408E-3,4.5463648E-2,-6.2428606E-1,1.5178122E-1,-1.3392925E-1,-1.115113E0,1.601946E-2,1.046902E-1,-3.4563285E-1,1.2637816E-2,-4.2959055E-1,1.3367733E-1,-7.6777416E-1,-6.8916506E-1,2.1518603E-1],"categories":[],"categories_nodes":[],"categories_segments":[],"categories_sizes":[],"default_left":[0,0,0,0,0,0,0,0,0,0,0,0,0,0,0],"id":4,"left_children":[1,3,5,7,9,11,13,-1,-1,-1,-1,-1,-1,-1,-1],"loss_changes":[2.51805E2,1.624029E2,1.888941E2,1.4468619E2,3.1401385E2,1.1819815E2,1.20643936E2,0E0,0E0,0E0,0E0,0E0,0E0,0E0,0E0],"parents":[2147483647,0,0,1,1,2,2,3,3,4,4,5,5,6,6],"right_children":[2,4,6,8,10,12,14,-1,-1,-1,-1,-1,-1,-1,-1],"split_conditions":[1.8183E0,5.213E-1,4E0,1.4233E0,7E0,9E0,-2.422E-1,1.046902E-1,-3.4563285E-1,1.2637816E-2,-4.2959055E-1,1.3367733E-1,-7.6777416E-1,-6.8916506E-1,2.1518603E-1],"split_indices":[2,3,18,8,16,31,1,0,0,0,0,0,0,0,0],"split_type":[0,0,0,0,0,0,0,0,0,0,0,0,0,0,0],"sum_hessian":[9.112894E3,8.512911E3,5.999824E2,5.345214E3,3.1676978E3,3.3921512E2,2.6076727E2,5.11219E3,2.3302353E2,2.5407153E3,6.2698236E2,5.3938404E1,2.852767E2,5.8927567E1,2.0183972E2],"tree_param":{"num_deleted":"0","num_feature":"39","num_nodes":"15","size_leaf_vector":"1"}},{"base_weights":[-3.633799E-3,-1.3628767E-1,1.5467393E-1,-8.382253E-1,4.820494E-2,-7.785655E-1,3.0880174E-1,2.4747677E-1,-5.91605E-1,1.3816148E-1,-4.230754E-1,-7.308675E-1,-2.9787963E-2,3.0502757E-1,-7.9848446E-2],"categories":[],"categories_nodes":[],"categories_segments":[],"categories_sizes":[],"default_left":[0,0,0,0,0,0,0,0,0,0,0,0,0,0,0],"id":5,"left_children":[1,3,5,7,9,11,13,-1,-1,-1,-1,-1,-1,-1,-1],"loss_changes":[1.8755943E2,6.293429E2,5.859418E2,2.830064E2,6.1426166E2,2.2049002E2,3.722709E2,0E0,0E0,0E0,0E0,0E0,0E0,0E0,0E0],"parents":[2147483647,0,0,1,1,2,2,3,3,4,4,5,5,6,6],"right_children":[2,4,6,8,10,12,14,-1,-1,-1,-1,-1,-1,-1,-1],"split_conditions":[4E0,4E0,8E0,1.6E1,1.8E1,8E0,9E0,2.4747677E-1,-5.91605E-1,1.3816148E-1,-4.230754E-1,-7.308675E-1,-2.9787963E-2,3.0502757E-1,-7.9848446E-2],"split_indices":[18,29,31,32,31,26,26,0,0,0,0,0,0,0,0],"split_type":[0,0,0,0,0,0,0,0,0,0,0,0,0,0,0],"sum_hessian":[8.92934E3,4.8583926E3,4.0709478E3,1.0104391E3,3.8479534E3,5.764582E2,3.4944897E3,1.47005E2,8.634341E2,3.0863276E3,7.616256E2,3.3353943E2,2.4291875E2,2.294962E3,1.1995277E3],"tree_param":{"num_deleted":"0","num_feature":"39","num_nodes":"15","size_leaf_vector":"1"}},{"base_weights":[-6.2258113E-3,-3.7209168E-2,5.2900136E-1,-2.9788592E-1,2.5679005E-2,1.3796579E0,-1.3470355E-1,8.103801E-2,-4.944241E-1,-6.661638E-3,5.759138E-1,8.6196786E-1,-6.6311747E-1,-2.4043633E-1,5.1352745E-1],"categories":[],"categories_nodes":[],"categories_segments":[],"categories_sizes":[],"default_left":[0,0,0,0,0,0,0,0,0,0,0,0,0,0,0],"id":6,"left_children":[1,3,5,7,9,11,13,-1,-1,-1,-1,-1,-1,-1,-1],