{"learner":{"attributes":{"best_iteration":"4","best_score":"0.19950301409972537"},"feature_names":[],"feature_types":[],"gradient_booster":{"model":{"gbtree_model_param":{"num_parallel_tree":"1","num_trees":"15"},"iteration_indptr":[0,1,2,3,4,5,6,7,8,9,10,11,12,13,14,15],"tree_info":[0,0,0,0,0,0,0,0,0,0,0,0,0,0,0],"trees":[{"base_weights":[-6.929758E-3,-1.3422241E0,4.507003E-1,-4.6432224E-1,3.1608844E-3,3.783478E-2,6.1602306E-1],"categories":[],"categories_nodes":[],"categories_segments":[],"categories_sizes":[],"default_left":[0,0,0,0,0,0,0],"id":0,"left_children":[1,3,5,-1,-1,-1,-1],"loss_changes":[5.594818E2,4.9189392E1,3.4409006E2,0E0,0E0,0E0,0E0],"parents":[2147483647,0,0,1,1,2,2],"right_children":[2,4,6,-1,-1,-1,-1],"split_conditions":[4E0,1E1,1.4422E0,-4.6432224E-1,3.1608844E-3,3.783478E-2,6.1602306E-1],"split_indices":[35,36,1,0,0,0,0],"split_type":[0,0,0,0,0,0,0],"sum_hessian":[9.1358606E2,2.3269237E2,6.808937E2,2.0858783E2,2.4104544E1,5.618029E2,1.1909077E2],"tree_param":{"num_deleted":"0","num_feature":"41","num_nodes":"7","size_leaf_vector":"1"}},{"base_weights":[-1.4496078E-2,-1.0880281E0,3.0401444E-1,-3.825849E-1,2.2182674E-3,2.5880756E-2,4.044009E-1],"categories":[],"categories_nodes":[],"categories_segments":[],"categories_sizes":[],"default_left":[0,0,0,0,0,0,0],"id":1,"left_children":[1,3,5,-1,-1,-1,-1],"loss_changes":[3.0629834E2,3.2807632E1,1.5232228E2,0E0,0E0,0E0,0E0],"parents":[2147483647,0,0,1,1,2,2],"right_children":[2,4,6,-1,-1,-1,-1],"split_conditions":[4E0,1E1,1.4422E0,-3.825849E-1,2.2182674E-3,2.5880756E-2,4.044009E-1],"split_indices":[35,36,1,0,0,0,0],"split_type":[0,0,0,0,0,0,0],"sum_hessian":[8.9382196E2,2.0396086E2,6.898611E2,1.7984015E2,2.4120722E1,5.661545E2,1.23706604E2],"tree_param":{"num_deleted":"0","num_feature":"41","num_nodes":"7","size_leaf_vector":"1"}},{"base_weights":[-1.5411633E-2,-9.20311E-1,2.1457015E-1,4.3482998E-1,-3.0759382E-1,-8.8373475E-2,1.574471E-1],"categories":[],"categories_nodes":[],"categories_segments":[],"categories_sizes":[],"default_left":[0,0,0,0,0,0,0],"id":2,"left_children":[1,3,5,-1,-1,-1,-1],"loss_changes":[1.7863914E2,3.0455948E1,1.00462296E2,0E0,0E0,0E0,0E0],"parents":[2147483647,0,0,1,1,2,2],"right_children":[2,4,6,-1,-1,-1,-1],"split_conditions":[4E0,1.4E1,6E0,4.3482998E-1,-3.0759382E-1,-8.8373475E-2,1.574471E-1],"split_indices":[35,34,32,0,0,0,0],"split_type":[0,0,0,0,0,0,0],"sum_hessian":[8.564377E2,1.729474E2,6.834903E2,4.638524E0,1.6830888E2,2.5283711E2,4.3065317E2],"tree_param":{"num_deleted":"0","num_feature":"41","num_nodes":"7","size_leaf_vector":"1"}},{"base_weights":[-1.6473217E-2,-1.6030878E-1,9.09943E-1,-1.17147125E-1,1.8834311E-1,-7.9067045E-1,3.353375E-1],"categories":[],"categories_nodes":[],"categories_segments":[],"categories_sizes":[],"default_left":[0,0,0,0,0,0,0],"id":3,"left_children":[1,3,5,-1,-1,-1,-1],"loss_changes":[1.1080674E2,1.2047559E2,6.919788E1,0E0,0E0,0E0,0E0],"parents":[2147483647,0,0,1,1,2,2],"right_children":[2,4,6,-1,-1,-1,-1],"split_conditions":[1.4572E0,8E0,3E0,-1.17147125E-1,1.8834311E-1,-7.9067045E-1,3.353375E-1],"split_indices":[1,31,17,0,0,0,0],"split_type":[0,0,0,0,0,0,0],"sum_hessian":[8.2946564E2,7.187062E2,1.107595E2,5.604136E2,1.582926E2,4.5835366E0,1.06175964E2],"tree_param":{"num_deleted":"0","num_feature":"41","num_nodes":"7","size_leaf_vector":"1"}},{"base_weights":[-1.0873897E-2,-7.498824E-1,1.4387554E-1,-2.5800836E-1,3.3488992E-1,3.821082E-1,7.968672E-3],"categories":[],"categories_nodes":[],"categories_segments":[],"categories_sizes":[],"default_left":[0,0,0,0,0,0,0],"id":4,"left_children":[1,3,5,-1,-1,-1,-1],"loss_changes":[9.1782555E1,2.18555E1,8.535267E1,0E0,0E0,0E0,0E0],"parents":[2147483647,0,0,1,1,2,2],"right_children":[2,4,6,-1,-1,-1,-1],"split_conditions":[4E0,1E1,-1.3105E0,-2.5800836E-1,3.3488992E-1,3.821082E-1,7.968672E-3],"split_indices":[35,30,6,0,0,0,0],"split_type":[0,0,0,0,0,0,0],"sum_hessian":[8.0062415E2,1.3795793E2,6.626662E2,1.3253581E2,5.422118E0,6.3959583E1,5.987066E2],"tree_param":{"num_deleted":"0","num_feature":"41","num_nodes":"7","size_leaf_vector":"1"}},{"base_weights":[-1.1000124E-2,-5.658718E-1,1.6878508E-1,2.3278569E-1,-2.6459804E-1,7.853774E-2,-4.6593574E-1],"categories":[],"categories_nodes":[],"categories_segments":[],"categories_sizes":[],"default_left":[0,0,0,0,0,0,0],"id":5,"left_children":[1,3,5,-1,-1,-1,-1],"loss_changes":[7.817056E1,7.327971E1,8.405704E1,0E0,0E0,0E0,0E0],"parents":[2147483647,0,0,1,1,2,2],"right_children":[2,4,6,-1,-1,-1,-1],"split_conditions":[-1E-2,7E0,1.7216E0,2.3278569E-1,-2.6459804E-1,7.853774E-2,-4.6593574E-1],"split_indices":[1,33,8,0,0,0,0],"split_type":[0,0,0,0,0,0,0],"sum_hessian":[7.816468E2,1.9075905E2,5.9088776E2,3.3913174E1,1.5684587E2,5.6324634E2,2.7641428E1],"tree_param":{"num_deleted":"0","num_feature":"41","num_nodes":"7","size_leaf_vector":"1"}},{"base_weights":[-1.1908859E-2,-1.6175991E-1,6.5387446E-1,-2.375705E-1,3.9151274E-2,3.9062488E-1,-1.8031697E-1],"categories":[],"categories_nodes":[],"categories_segments":[],"categories_sizes":[],"default_left":[0,0,0,0,0,0,0],"id":6,"left_children":[1,3,5,-1,-1,-1,-1],"loss_changes":[7.702262E1,1.098353E2,1.0697055E2,0E0,0E0,0E0,0E0],"parents":[2147483647,0,0,1,1,2,2],"right_children":[2,4,6,-1,-1,-1,-1],"split_conditions":[1.3414E0,6E0,2E0,-2.375705E-1,3.9151274E-2,3.9062488E-1,-1.8031697E-1],"split_indices":[6,32,13,0,0,0,0],"split_type":[0,0,0,0,0,0,0],"sum_hessian":[7.6995447E2,6.2911383E2,1.4084064E2,2.0247633E2,4.266375E2,9.447005E1,4.6370598E1],"tree_param":{"num_deleted":"0","num_feature":"41","num_nodes":"7","size_leaf_vector":"1"}},{"base_weights":[-1.1995796E-2,-8.8030346E-2,1.0406876E0,2.409233E-2,-2.2663096E-1,3.5216886E-1,-4.524951E-1],"categories":[],"categories_nodes":[],"categories_segments":[],"categories_sizes":[],"default_left":[0,0,0,0,0,0,0],"id":7,"left_children":[1,3,5,-1,-1,-1,-1],"loss_changes":[6.059717E1,7.529698E1,1.3816078E1,0E0,0E0,0E0,0E0],"parents":[2147483647,0,0,1,1,2,2],"right_children":[2,4,6,-1,-1,-1,-1],"split_conditions":[3.7014E0,5.18E-2,2.0644E0,2.409233E-2,-2.2663096E-1,3.5216886E-1,-4.524951E-1],"split_indices":[0,8,6,0,0,0,0],"split_type":[0,0,0,0,0,0,0],"sum_hessian":[7.5493866E2,7.0493787E2,5.0000774E1,5.611711E2,1.437668E2,4.868983E1,1.3109422E0],"tree_param":{"num_deleted":"0","num_feature":"41","num_nodes":"7","size_leaf_vector":"1"}},{"base_weights":[-8.085381E-3,6.3890743E-1,-1.156854E-1,3.4525388E-1,-3.0642873E-1,-8.682301E-2,1.527293E-1],"categories":[],"categories_nodes":[],"categories_segments":[],"categories_sizes":[],"default_left":[0,0,0,0,0,0,0],"id":8,"left_children":[1,3,5,-1,-1,-1,-1],"loss_changes":[5.1658142E1,8.286253E1,6.3759438E1,0E0,0E0,0E0,0E0],"parents":[2147483647,0,0,1,1,2,2],"right_children":[2,4,6,-1,-1,-1,-1],"split_conditions":[-1.7701E0,2E0,1.3011E0,3.4525388E-1,-3.0642873E-1,-8.682301E-2,1.527293E-1],"split_indices":[3,21,6,0,0,0,0],"split_type":[0,0,0,0,0,0,0],"sum_hessian":[7.3997766E2,1.048119E2,6.351658E2,8.138286E1,2.3429037E1,5.004703E2,1.3469548E2],"tree_param":{"num_deleted":"0","num_feature":"41","num_nodes":"7","size_leaf_vector":"1"}},{"base_weights":[-6.561942E-3,4.2179614E-2,-4.078539E-1,-1.2759648E-2,2.7720028E-1],"categories":[],"categories_nodes":[],"categories_segments":[],"categories_sizes":[],"default_left":[0,0,0,0,0],"id":9,"left_children":[1,3,-1,-1,-1],"loss_changes":[4.6637505E1,5.008264E1,0E0,0E0,0E0],"parents":[2147483647,0,0,1,1],"right_children":[2,4,-1,-1,-1],"split_conditions":[1.7216E0,2.6117E0,-4.078539E-1,-1.2759648E-2,2.7720028E-1],"split_indices":[8,6,0,0,0],"split_type":[0,0,0,0,0],"sum_hessian":[7.290412E2,7.038042E2,2.523696E1,6.419624E2,6.1841812E1],"tree_param":{"num_deleted":"0","num_feature":"41","num_nodes":"5","size_leaf_vector":"1"}},{"base_weights":[-5.897634E-3,-8.071062E-2,8.4174335E-1,-6.335046E-2,1.8701784E-1,5.180049E-1,8.4978245E-2],"categories":[],"categories_nodes":[],"categories_segments":[],"categories_sizes":[],"default_left":[0,0,0,0,0,0,0],"id":10,