{"learner":{"attributes":{"best_iteration":"3","best_score":"0.18878416497868752"},"feature_names":[],"feature_types":[],"gradient_booster":{"model":{"gbtree_model_param":{"num_parallel_tree":"1","num_trees":"14"},"iteration_indptr":[0,1,2,3,4,5,6,7,8,9,10,11,12,13,14],"tree_info":[0,0,0,0,0,0,0,0,0,0,0,0,0,0],"trees":[{"base_weights":[-6.929758E-3,-1.3422241E0,4.507003E-1,-1.4978137E0,1.0196401E-2,1.044297E-1,1.89859E0,-1.1559159E0,1.0507847E0,-1.1596587E0,1.2403903E0,-2.6015437E-1,5.298836E-1,-3.0655614E-1,1.5640396E0],"categories":[],"categories_nodes":[],"categories_segments":[],"categories_sizes":[],"default_left":[0,0,0,0,0,0,0,0,0,0,0,0,0,0,0],"id":0,"left_children":[1,3,5,7,9,11,13,-1,-1,-1,-1,-1,-1,-1,-1],"loss_changes":[5.594818E2,4.9189392E1,3.416771E2,1.606549E1,6.503418E1,1.4624641E2,4.908557E1,0E0,0E0,0E0,0E0,0E0,0E0,0E0,0E0],"parents":[2147483647,0,0,1,1,2,2,3,3,4,4,5,5,6,6],"right_children":[2,4,6,8,10,12,14,-1,-1,-1,-1,-1,-1,-1,-1],"split_conditions":[4E0,1E1,5.406E-1,1.4109E0,-9E-3,9E0,3E0,-1.1559159E0,1.0507847E0,-1.1596587E0,1.2403903E0,-2.6015437E-1,5.298836E-1,-3.0655614E-1,1.5640396E0],"split_indices":[33,34,1,4,1,30,17,0,0,0,0,0,0,0,0],"split_type":[0,0,0,0,0,0,0,0,0,0,0,0,0,0,0],"sum_hessian":[9.1358606E2,2.3269237E2,6.808937E2,2.0858783E2,2.4104544E1,5.503473E2,1.3054639E2,2.0739453E2,1.1932943E0,1.241026E1,1.16942835E1,3.1407504E2,2.3627226E2,8.35306E0,1.2219334E2],"tree_param":{"num_deleted":"0","num_feature":"39","num_nodes":"15","size_leaf_vector":"1"}},{"base_weights":[-6.326371E-2,-8.666757E-1,1.1475034E-1,1.2349253E0,-9.1726255E-1,-7.387038E-1,3.3311933E-1,-7.653277E-1,-5.0267976E-2,5.0916326E-1,-9.0974015E-1,4.8040083E-1,-9.9342115E-2],"categories":[],"categories_nodes":[],"categories_segments":[],"categories_sizes":[],"default_left":[0,0,0,0,0,0,0,0,0,0,0,0,0],"id":1,"left_children":[1,3,5,-1,7,9,11,-1,-1,-1,-1,-1,-1],"loss_changes":[1.12189926E2,1.942302E1,1.19982254E2,0E0,1.0633797E1,8.551068E1,7.112372E1,0E0,0E0,0E0,0E0,0E0,0E0],"parents":[2147483647,0,0,1,1,2,2,4,4,5,5,6,6],"right_children":[2,4,6,-1,8,10,12,-1,-1,-1,-1,-1,-1],"split_conditions":[4E0,6E0,-1.338E-1,1.2349253E0,1.8E1,-5.465E-1,4.246E-1,-7.653277E-1,-5.0267976E-2,5.0916326E-1,-9.0974015E-1,4.8040083E-1,-9.9342115E-2],"split_indices":[33,31,1,0,34,1,4,0,0,0,0,0,0],"split_type":[0,0,0,0,0,0,0,0,0,0,0,0,0],"sum_hessian":[7.827474E2,1.4127542E2,6.41472E2,2.191977E0,1.3908344E2,1.3020549E2,5.1126648E2,1.25650856E2,1.3432587E1,3.1850672E1,9.835482E1,3.106551E2,2.0061139E2],"tree_param":{"num_deleted":"0","num_feature":"39","num_nodes":"13","size_leaf_vector":"1"}},{"base_weights":[-6.210238E-2,-1.4090519E-3,-1.2203847E0,-1.7785265E-1,5.9154123E-1,3.2390636E-1,-3.5061377E-1,1.0533656E0,7.731977E-2],"categories":[],"categories_nodes":[],"categories_segments":[],"categories_sizes":[],"default_left":[0,0,0,0,0,0,0,0,0],"id":2,"left_children":[1,3,-1,5,7,-1,-1,-1,-1],"loss_changes":[6.601787E1,7.114445E1,0E0,8.993435E1,6.0542946E1,0E0,0E0,0E0,0E0],"parents":[2147483647,0,0,1,1,3,3,4,4],"right_children":[2,4,-1,6,8,-1,-1,-1,-1],"split_conditions":[1.2392E0,4.736E-1,-1.2203847E0,-2.378E-1,7E0,3.2390636E-1,-3.5061377E-1,1.0533656E0,7.731977E-2],"split_indices":[8,6,0,5,30,0,0,0,0],"split_type":[0,0,0,0,0,0,0,0,0],"sum_hessian":[7.036636E2,6.7800684E2,2.565671E1,5.2306036E2,1.5494647E2,1.669078E2,3.561526E2,5.8396805E1,9.6549675E1],"tree_param":{"num_deleted":"0","num_feature":"39","num_nodes":"9","size_leaf_vector":"1"}},{"base_weights":[-3.320857E-2,-1.2403881E-1,9.1717273E-1,-9.069256E-1,-1.577544E-2,-1.5120016E0,1.1028427E0,-1.0039136E0,4.3918915E-2,8.1290565E-2,-7.0321226E-1,-2.5361232E-2,-1.4944229E0,8.7608474E-1,-2.2192165E-1],"categories":[],"categories_nodes":[],"categories_segments":[],"categories_sizes":[],"default_left":[0,0,0,0,0,0,0,0,0,0,0,0,0,0,0],"id":3,"left_children":[1,3,5,7,9,11,13,-1,-1,-1,-1,-1,-1,-1,-1],"loss_changes":[5.7593693E1,5.1574593E1,2.791991E1,2.9603043E1,5.9902752E1,2.9943066E0,4.140526E0,0E0,0E0,0E0,0E0,0E0,0E0,0E0,0E0],"parents":[2147483647,0,0,1,1,2,2,3,3,4,4,5,5,6,6],"right_children":[2,4,6,8,10,12,14,-1,-1,-1,-1,-1,-1,-1,-1],"split_conditions":[2.3642E0,3E0,1E0,2E0,5.805E-1,-2.956E-1,2.5147E0,-1.0039136E0,4.3918915E-2,8.1290565E-2,-7.0321226E-1,-2.5361232E-2,-1.4944229E0,8.7608474E-1,-2.2192165E-1],"split_indices":[1,28,21,21,0,6,1,0,0,0,0,0,0,0,0],"split_type":[0,0,0,0,0,0,0,0,0,0,0,0,0,0,0],"sum_hessian":[6.648676E2,6.076614E2,5.720618E1,7.292689E1,5.347345E2,3.5547564E0,5.3651424E1,5.0769543E1,2.2157345E1,4.7193036E2,6.280417E1,1.0878553E0,2.466901E0,5.196592E1,1.6855066E0],"tree_param":{"num_deleted":"0","num_feature":"39","num_nodes":"15","size_leaf_vector":"1"}},{"base_weights":[-1.3056349E-2,4.8982036E-1,-1.2915324E-1,6.854328E-1,-1.0102546E0,-6.4355814E-1,1.075775E-2,2.7717698E-1,1.0615093E0,-1.0428984E0,3.6708587E-1,-5.532231E-1,9.1228557E-1,6.343156E-1,-7.0788875E-2],"categories":[],"categories_nodes":[],"categories_segments":[],"categories_sizes":[],"default_left":[0,0,0,0,0,0,0,0,0,0,0,0,0,0,0],"id":4,"left_children":[1,3,5,7,9,11,13,-1,-1,-1,-1,-1,-1,-1,-1],"loss_changes":[3.622602E1,3.484449E1,3.6281986E1,2.311504E1,8.138657E0,1.7642494E1,3.4081192E1,0E0,0E0,0E0,0E0,0E0,0E0,0E0,0E0],"parents":[2147483647,0,0,1,1,2,2,3,3,4,4,5,5,6,6],"right_children":[2,4,6,8,10,12,14,-1,-1,-1,-1,-1,-1,-1,-1],"split_conditions":[-4.477E-1,4.978E-1,-1.101E-1,5E0,1.8E1,1.9E1,-6.994E-1,2.7717698E-1,1.0615093E0,-1.0428984E0,3.6708587E-1,-5.532231E-1,9.1228557E-1,6.343156E-1,-7.0788875E-2],"split_indices":[3,7,3,18,30,33,6,0,0,0,0,0,0,0,0],"split_type":[0,0,0,0,0,0,0,0,0,0,0,0,0,0,0],"sum_hessian":[6.184118E2,1.1538773E2,5.0302408E2,1.0255717E2,1.2830567E1,1.0679084E2,3.9623325E2,7.172744E1,3.0829727E1,1.0392404E1,2.4381633E0,1.0269728E2,4.093558E0,4.358661E1,3.5264664E2],"tree_param":{"num_deleted":"0","num_feature":"39","num_nodes":"15","size_leaf_vector":"1"}},{"base_weights":[-3.5012045E-3,-5.63657E-1,1.1311736E-1,5.8593485E-3,-1.195229E0,2.1234457E-1,-6.3572544E-1,-1.4990059E-1,1.9296011E0,-3.414401E-2,-1.0449558E0,6.1611533E-2,5.567746E-1,-6.874065E-1,5.918692E-1],"categories":[],"categories_nodes":[],"categories_segments":[],"categories_sizes":[],"default_left":[0,0,0,0,0,0,0,0,0,0,0,0,0,0,0],"id":5,"left_children":[1,3,5,7,9,11,13,-1,-1,-1,-1,-1,-1,-1,-1],"loss_changes":[3.8824223E1,3.684319E1,3.6688972E1,2.8717049E1,9.97773E0,2.965891E1,2.2680971E1,0E0,0E0,0E0,0E0,0E0,0E0,0E0,0E0],"parents":[2147483647,0,0,1,1,2,2,3,3,4,4,5,5,6,6],"right_children":[2,4,6,8,10,12,14,-1,-1,-1,-1,-1,-1,-1,-1],"split_conditions":[-2.26E-1,-4.022E-1,1.8E1,1.4365E0,2E0,1.1E1,6E0,-1.4990059E-1,1.9296011E0,-3.414401E-2,-1.0449558E0,6.1611533E-2,5.567746E-1,-6.874065E-1,5.918692E-1],"split_indices":[1,1,27,7,13,27,18,0,0,0,0,0,0,0,0],"split_type":[0,0,0,0,0,0,0,0,0,0,0,0,0,0,0],"sum_hessian":[5.92352E2,1.0141076E2,4.9094125E2,5.3846092E1,4.756467E1,4.34132E2,5.680927E1,5.0702984E1,3.143107E0,6.59588E0,4.096879E1,3.4758173E2,8.655026E1,4.804183E1,8.767441E0],"tree_param":{"num_deleted":"0","num_feature":"39","num_nodes":"15","size_leaf_vector":"1"}},{"base_weights":[-2.3363458E-2,3.3315167E-2,-8.459539E-1,-5.9526574E-2,5.680273E-1,-1.2208089E0,3.7802657E-1,-5.59943E-1,2.7482813E-2,-1.0701604E0,5.517491E-1,-2.5183645E-1,-1.3831197E0,-8.74113E-1,8.8762796E-1],"categories":[],"categories_nodes":[],"categories_segments":[],"categories_sizes":[],"default_left":[0,0,0,0,0,0,0,0,0,0,0,0,0,0,0],"id":6,"left_children":[1,3,5,7,9,11,13,-1,-1,-1,-1,-1,-1,-1,-1],"loss_changes":[2.5741213E1,2.5695465E1,1.6790068E1,2.8627766E1,2.492295E1,1.4040356E1,1.2337053E1,0E0,0E0,0E0,0E0,0E0,0E0,0E0,0E0],"parents":[2147483647,0,0,1,1,2,2,3,3,4,4,5,5,6,6],"right_children":[2,4,6,8,10,12,14,-1,-1,-1,-1,-1,-1,-1,-1],"split_conditions":[1.251E0,2.928E-1,2.561E0,-1.92E-2,6E0,5E0,1.5E1,-5.59943E-1,2.7482813E-2,-1.0701604E0,5.517491E-1,-2.5183645E-1,-1.3831197E0,-8.74113E-1,8.8762796E-1],"split_indices":[3,1,3,8,29,28,29,0,0,0,0,0,0,0,0],